Year;Pos;Class;No;Team Ctry;Team;Dr Ctry;Drivers;Chassis;Engine;Tyre;Laps;Distance;Time;Reason
1923;1;3.0;9;FRA;Chenard-Walcker;FRA|FRA;André Lagache|René Léonard;Chenard et Walcker Type U 15CV Sport;Chenard et Walcker 3.0L I4;Michelin;128;2209.536;;
1923;2;3.0;10;FRA;Chenard-Walcker;FRA|FRA;Raoul Bachmann|Christian Dauvergne;Chenard et Walcker Type U 15CV Sport;Chenard et Walcker 3.0L I4;Michelin;124;2140.488;;
1923;3;2.0;23;FRA;Établissements industriels Jacques Bignan;FRA|BEL;Paul Gros|Raymond de Tornaco;Bignan 11CV Desmo Sport;Bignan 2.0L I4;Englebert;120;2071.440;;
1923;4;3.0;8;GBR;Bentley Motors Limited;CAN|GBR;John Duff|Frank Clement;Bentley 3 Litre Sport;Bentley 3.0L I4;Rapson;112;1933.344;;
1923;5;2.0;24;FRA;Établissements industriels Jacques Bignan;FRA|FRA;Philippe de Marne|Jean Martin;Bignan 11CV Sport;Bignan 2.0L I4;Englebert;112;1933.344;;
1923;6;8.0;1;BEL;Automobiles Excelsior SA;FRA|FRA;Gonzaque Lécureul|f.n.u. Flaud;Excelsior Adex C;Excelsior 5.3L I6;Englebert;112;1933.344;;
1923;7;3.0;11;FRA;Chenard-Walcker;FRA|FRA;Fernand Bachmann|Raymond Glaszmann;Chenard et Walcker Type U 15CV Sport;Chenard et Walcker 3.0L I4;Michelin;110;1898.820;;
1923;8;5.0;7;FRA;Societe Lorraine de Dietrich et Cie;FRA|FRA;Gérard de Courcelles|André Rossignol;Lorraine-Dietrich B3-6 Sport;Lorraine-Dietrich 3.4L I6;Englebert;108;1864.296;;
1923;9;8.0;2;BEL;Automobiles Excelsior SA;BEL|BEL;André Dills|Nicolas Caerels;Excelsior Adex C;Excelsior 5.3L I6;Englebert;106;1829.772;;
1923;10;1.5;29;FRA;Automobiles Ettore Bugatti;FRA|FRA;Max de Pourtealés|Sosthene de la Rochefoucauld;Bugatti T22;Bugatti 1.5L I4;Englebert;104;1795.248;;
1923;11;3.0;17;FRA;Societe des Automobiles Brasier;FRA|FRA;f.n.u. Migeot|Eugène Verpault;Brasier TB4;Brasier 2.1L I4;Dunlop;99;1708.938;;
1923;12;1.1;34;FRA;Societe des Moteurs Salmson;FRA|FRA;Lucien Desvaux|Georges Casse;Salmson VAL-3;Salmson 1.1L I4;Englebert;98;1691.676;;
1923;13;3.0;16;FRA;Automobiles Delage SA;FRA|FRA;f.n.u. Belbeu|Paul Torchy;Delage DE 2 Litre Sport;Delage 2.1L I4;Michelin;98;1691.676;;
1923;14;3.0;19;FRA;Etablissements Charles Montier et Cie;BEL|FRA;Charles Montier|Albert Ouriou;Ford-Montier CM1;Montier 2.0L I4;Michelin;97;1674.414;;
1923;15;1.1;33;FRA;Societe des Moteurs Salmson;FRA|FRA;Maurice Benoist|Luis Ramon Bueno;Salmson VAL-3;Salmson 1.1L I4;Englebert;93;1605.366;;
1923;16;2.0;21;FRA;Automobiles Georges Irat;FRA|FRA;M. Cappé|Jean Dourianou;Georges Irat Type 4A Sport;Georges Irat 2.0L I4;Englebert;93;1605.366;;
1923;17;3.0;14;FRA;Etablissements Automobiles Rolland et Pilain SA;FRA|FRA;Jean de Marguenat|Gaston Delalande;Rolland-Pilain B22 Sport;Rolland-Pilain 2.3L I4;Dunlop;92;1588.104;;
1923;18;1.1;35;FRA;Societe Nouvelle de l'Automobile Amilcar;FRA|FRA;Maurice Boutmy|Jérôme Marcandanti;Amilcar CV;Amilcar 1.0L I4;Englebert;89;1536.318;;
1923;19;5.0;5;FRA;Societe Lorraine de Dietrich et Cie;FRA|FRA;Robert Bloch|f.n.u. Stalter;Lorraine-Dietrich B3-6 Sport;Lorraine-Dietrich 3.4L I6;Englebert;88;1519.056;;
1923;20;3.0;12;FRA;Automobiles Marius Berliet SA;CHE|FRA;Edouard Probst|f.n.u. Redon;Berliet VH 12CV;Berliet 2.6L I4;Michelin;88;1519.056;;
1923;21;3.0;15;FRA;Etablissements Automobiles Rolland et Pilain SA;FRA|FRA;Louis Sire|Georges Guignard;Rolland-Pilain R Berline;Rolland-Pilain 2.2L I4;Dunlop;84;1450.008;;
1923;22;1.5;28;FRA;Automobiles Ettore Bugatti;FRA|FRA;Louis Pichard|René Marie;Bugatti T22;Bugatti 1.5L I4;Englebert;82;1415.484;;
1923;23;2.0;25;FRA;Etablissements Automobiles Rolland et Pilain SA;FRA|FRA;Jean Pouzet|Edmond Pichon;Rolland-Pilain RP23 Berline;Rolland-Pilain 1.9L I4;Michelin;80;1393.698;;
1923;24;2.0;26;FRA;Etablissements Automobiles Rolland et Pilain SA;FRA|FRA;Jules Robin|Gérard Marinier;Rolland-Pilain RP23 Sport;Rolland-Pilain 1.9L I4;Michelin;80;1363.698;;
1923;25;1.5;30;FRA;Societe Francaise des Automobiles Corre;FRA|FRA;Louis Balart|Charles Drouin;Corre La Licorne V14 8CV;Corre La Licorne 1.4L I4;Englebert;80;1363.698;;
1923;26;2.0;27;FRA;Societe des Anciens Ateliers Vinot & Deguingand;FRA|FRA;Léon Molon|Lucien Molon;Vinot & Deguingand BP 10CV;Vinot & Deguingand 1.8L I4;Michelin;77;1329.174;;
1923;27;3.0;18;FRA;Societe des Automobiles Brasier;FRA|FRA;f.n.u. Maillon|Léopold Jouguet;Brasier TB4;Brasier 2.1L I4;Dunlop;76;1311.912;;
1923;28;2.0;20;FRA;Societe Francaise des Automobiles Corre;FRA|FRA;Albert Colomb|Waldemar Lestienne;Corre La Licorne B7 12CV;Corre La Licorne 2.0L I4;Englebert;74;1277.388;;
1923;29;2.0;22;FRA;Automobiles Georges Irat;FRA|FRA;f.n.u. Milhaud|Pierre Malleveau;Georges Irat Type 4A Sport;Georges Irat 2.0L I4;Englebert;73;1260.126;;
1923;30;1.1;32;FRA;Societe des Applications à Refroidisssements par Air;FRA|FRA;Lucien Erb|Robert Battagliola;S.A.R.A. ATS;S.A.R.A. 1.1L I4;Dunlop;57;983.934;;
1923;DNF;5.0;6;FRA;Societe Lorraine de Dietrich et Cie;FRA|FRA;Henri Stoffel|Rene Labouchére;Lorraine-Dietrich B3-6 Sport;Lorraine-Dietrich 3.4L I6;Englebert;50;845.838;;Not stated
1923;DNF;3.0;13;FRA;Automobiles Marius Berliet SA;FRA|FRA;Roland Jacquot|Georges Ribail;Berliet VH 12CV;Berliet 2.6L I4;Michelin;44;742.266;;Not stated
1923;DNF;1.1;31;FRA;Societe des Applications à Refroidisssements par Air;FRA|FRA;François Piazzoli|André Marandet;S.A.R.A. ATS;S.A.R.A. 1.1L I4;Dunlop;14;224.406;;Contact
1924;1;3.0;8;GBR;Bentley Motors Limited;CAN|GBR;John Duff|Frank Clement;Bentley 3 Litre Sport;Bentley 3.0L I4;Rapson;120;2077.340;;
1924;2;5.0;6;FRA;Societe Lorraine de Dietrich et Cie;FRA|FRA;Henri Stoffel|Édouard Brisson;Lorraine-Dietrich B3-6 Sport;Lorraine-Dietrich 3.5L I6;Michelin;119;2061.410;;
1924;3;5.0;5;FRA;Societe Lorraine de Dietrich et Cie;FRA|FRA;Gérard de Courcelles|André Rossignol;Lorraine-Dietrich B3-6 Sport;Lorraine-Dietrich 3.5L I6;Englebert;119;2055.110;;
1924;4;2.0;31;FRA;Chenard-Walcker SA;BEL|FRA;André Pisart|Joseph Chavée;Chenard et Walcker Type TT 10/12CV;Chenard et Walcker 2.0L I4;Michelin;111;1918.070;;
1924;5;2.0;30;FRA;Chenard-Walcker SA;FRA|ESP;Christian Dauvergne|Manso de Zuñiga;Chenard et Walcker Type TT 10/12CV;Chenard et Walcker 2.0L I4;Michelin;108;1875.910;;
1924;6;2.0;17;FRA;Etablissements Automobiles Rolland et Pilain SA;FRA|FRA;Gaston Delalande|Georges Guignard;Rolland-Pilain C23 Sport;Rolland-Pilain 2.0L I4;Michelin;106;1842.466;;
1924;7;3.0;15;FRA;Societe des Automobiles Brasier;FRA|FRA;Eugéne Verpault|Marcel Delabarre;Brasier TB4;Brasier 2.1L I4;Dunlop;106;1832.500;;
1924;8;3.0;16;FRA;Societe des Automobiles Brasier;FRA|FRA;f.n.u. Migeot|Léopold Jouguet;Brasier TB4;Brasier 2.1L I4;Dunlop;104;1810.420;;
1924;9;2.0;19;FRA;Etablissements Automobiles Rolland et Pilain SA;FRA|FRA;Louis Sire|Louis Tremel;Rolland-Pilain C23 Sport;Rolland-Pilain 2.0L I4;Michelin;104;1800.370;;
1924;10;2.0;28;FRA;Etablissements Industriels Jacques Bignan;BEL|FRA;Raymond de Tornaco|Francis Barthelemy;Bignan 2 Litre Sport;Bignan 2.0L I4;Englebert;102;1766.820;;
1924;11;1.1;51;FRA;Societe des Automobile Ariès;FRA|FRA;Fernand Gabriel|Henri Lapierre;Ariès CC4;Ariès 1.1L I4;Michelin;91;1576.690;;
1924;12;1.1;46;FRA;Societe des Applications à Refroidisssements par Air;FRA|FRA;André Marandet|Louis Francois;S.A.R.A. ATS;S.A.R.A. 1.1L I4;Englebert;89;1541.370;;
1924;13;1.1;50;FRA;Societe des Automobile Ariès;FRA|FRA;Louis Rigal|Roger Delano;Ariès CC2 Sport;Ariès 1.1L I4;Michelin;89;1540.870;;
1924;14;1.1;52;FRA;Societe Nouvelle de l'Automobile Amilcar;FRA|FRA;Maurice Boutmy|Jérôme Marcandanti;Amilcar CV;Amilcar 1.0L I4;Michelin;87;1508.300;;
1924;NC;1.5;38;FRA;Chenard-Walcker SA;FRA|FRA;Pierre Bacqueyrisses|Georges Delaroche;Chenard et Walcker Type Y 9CV;Chenard et Walcker 1.5L I4;Michelin;84;0.0;;Valves (or DNS)
1924;NC;1.5;40;FRA;Constructions Metallurgiques Usines Alba;FRA|FRA;Raoul Roret|Bruno Calise;Alba S4 10/12CV;Alba 1.5L I4;Dunlop;79;0.0;;
1924;DNF;5.0;4;FRA;Societe Lorraine de Dietrich et Cie;FRA|FRA;Robert Bloch|f.n.u. Stalter;Lorraine-Dietrich B3-6 Sport;Lorraine-Dietrich 3.5L I6;Michelin;112;1933.344;;
1924;DNF;2.0;29;FRA;Etablissements Industriels Jacques Bignan;FRA|FRA;René Marie|Henri Springuel;Bignan 2 Litre Sport;Bignan 2.0L I4;Englebert;88;1519.056;;
1924;DNF;1.5;37;FRA;Chenard-Walcker SA;FRA|FRA;Raymond Glaszmann|Robert Sénéchal;Chenard et Walcker Type Y 9CV;Chenard et Walcker 1.5L I4;Michelin;83;1432.746;;
1924;DNF;1.1;45;FRA;Societe des Applications à Refroidisssements par Air;FRA|FRA;Lucien Erb|Léon Fabert;S.A.R.A. ATS;S.A.R.A. 1.1L I4;Englebert;82;1415.484;;
1924;DNF;1.1;47;FRA;Societe des Applications à Refroidisssements par Air;FRA|FRA;Jules de Ségovia|f.n.u. Alcain;S.A.R.A. ATS;S.A.R.A. 1.1L I4;Englebert;80;1380.960;;
1924;DNF;3.0;7;FRA;Societe des Automobile Ariès;FRA|FRA;Charles Flohot|Robert Laly;Ariés Type S GP;Ariés 3.0L I4;Michelin;64;1104.768;;
1924;DNF;2.0;20;FRA;Etablissements Automobiles Rolland et Pilain SA;FRA|FRA;Gérard Marinier|Antoine Dubreil;Rolland-Pilain C23 Sport;Rolland-Pilain 2.0L I4;Michelin;60;1035.720;;
1924;DNF;2.0;32;FRA;Georges et Rene Pol;FRA|FRA;Louis Henry|Jean Vaurez;G.R.P. 9CV;G.R.P. 1.7L I4;Michelin;59;1018.458;;
1924;DNF;1.5;43;FRA;Societe Francaise des Automobiles Corre;FRA|FRA;Charles Drouin|Louis Balart;Corre La Licorne V16 10CV Sport;Corre 1.5L I4;Michelin;58;1001.196;;
1924;DNF;2.0;27;FRA;Automobiles Georges Irat;FRA|FRA;Jean Dourianou|Pierre Malleveau;Georges Irat Type 4A Sport;Georges Irat 2.0L I4;Michelin;42;725.004;;
1924;DNF;2.0;23;FRA;Etablissements Charles Montier et Cie;BEL|FRA;Charles Montier|Albert Ouriou;Ford-Montier CM1;Montier 2.0L I4;Englebert;40;690.480;;
1924;DNF;5.0;3;FRA;Chenard-Walcker SA;FRA|FRA;André Lagache|René Léonard;Chenard et Walcker Type U 22CV Sport;Chenard et Walcker 3.9L I8;Michelin;26;448.812;;Fire
1924;DNF;1.1;49;FRA;Automobiles Majola;FRA|FRA;Charles Follot|Fernand Casellini;Majola Type A;Majola 1.1L I4;Dunlop;22;379.764;;Broken Valve
1924;DNF;2.0;18;FRA;Etablissements Automobiles Rolland et Pilain SA;FRA|FRA;Jean de Marguenat|René Gaudin;Rolland-Pilain C23 Sport;Rolland-Pilain 2.0L I4;Michelin;18;310.716;;
1924;DNF;1.1;48;FRA;Societe Nouvelle de l'Automobile Amilcar;FRA|FRA;André Morel|Marius Mestivier;Amilcar CGS;Amilcar 1.1L I4;Englebert;13;224.406;;
1924;DNF;1.5;33;FRA;Louis Chenard;FRA|FRA;Louis Chenard|Emile Chenard;Louis Chenard Type E;Louis Chenard 1.5L I4;Englebert;13;224.406;;
1924;DNF;2.0;25;FRA;Automobiles Omega-Six;FRA|FRA;Marcel Mongin|Roland Coty;Oméga-Six Type A;Oméga 2.0L I6;Michelin;11;189.882;;
1924;DNF;3.0;11;FRA;Etablissements Industriels Jacques Bignan;FRA|FRA;Jérôme Ledure|Jean Matthys;Bignan 3 Litre Sport;Bignan 3.0L I6;Englebert;10;172.262;;
1924;DNF;2.0;24;FRA;Automobiles Omega-Six;FRA|FRA;Jacques Margueritte|Louis Bonne;Oméga-Six Type A;Oméga 2.0L I6;Michelin;9;155.358;;
1924;DNF;3.0;10;FRA;Etablissements Industriels Jacques Bignan;FRA|FRA;Jean Martin|Philippe de Marne;Bignan 3 Litre Sport;Bignan 3.0L I6;Englebert;8;138.096;;Radiator
1924;DNF;3.0;9;FRA;Chenard-Walcker SA;FRA|FRA;Raoul Bachmann|Fernand Bachmann;Chenard et Walcker Type U 15CV Sport;Chenard et Walcker 3.0L I4;Michelin;6;103.572;;Accident
1924;DNF;1.5;44;FRA;Societe Francaise des Automobiles Corre;FRA|FRA;Joseph Paul|Fernand Vallon;Corre La Licorne V16 10CV Sport;Corre 1.5L I4;Michelin;5;86.310;;
1924;DNF;1.5;42;FRA;Societe Francaise des Automobiles Corre;FRA|FRA;Albert Colomb|Waldemar Lestienne;Corre La Licorne V16 10CV Sport;Corre 1.5L I4;Michelin;3;51.786;;Valves
1925;1;5.0;5;FRA;Societe Lorraine de Dietrich et Cie;FRA|FRA;Gérard de Courcelles|André Rossignol;Lorraine-Dietrich B3-6 Sport;Lorraine-Dietrich 3.5L I6;;129;2233.982;;
1925;2;3.0;16;GBR;Sunbeam Motor Company;FRA|GBR;Jean Chassagne|Sammy Davis;Sunbeam 3 Litre Super Sports;Sunbeam 3.0L I6;;125;2161.600;;
1925;3;5.0;4;FRA;Societe Lorraine de Dietrich et Cie;FRA|FRA;f.n.u. Stalter|Édouard Brisson;Lorraine-Dietrich B3-6 Sport;Lorraine-Dietrich 3.5L I6;;124;2149.483;;
1925;4;2.0;29;ITA;Officine Meccaniche;ITA|ITA;Tino Danieli|Mario Danieli;O.M. Tipo 665S Superba;O.M. 2.0L I6;;119;2060.440;;
1925;5;2.0;30;ITA;Officine Meccaniche;ITA|FRA;Giulio Foresti|Aimé Vassiaux;O.M. Tipo 665S Superba;O.M. 2.0L I6;;119;2060.440;;
1925;6;3.0;11;FRA;Societe des Automobile Ariès;FRA|FRA;Louis Wagner|Charles Flohot;Ariés Type S GP;Ariés 3.0L I4;;119;2055.613;;
1925;7;2.0;23;FRA;Etablissements Automobiles Rolland et Pilain SA;FRA|FRA;Jean de Marguenat|Louis Sire;Rolland-Pilain C23 Super Sport;Rolland-Pilain 2.0L I4;;117;2020.314;;
1925;8;1.5;41;FRA;Societe Francaise des Automobiles Corre;FRA|FRA;Louis Balart|Robert Doutrebente;Corre La Licorne V16 10CV Sport;Corre 1.5L I4;;110;1908.174;;
1925;9;1.5;42;FRA;Societe Francaise des Automobiles Corre;FRA|FRA;Waldemar Lestienne|Robert Lestienne;Corre La Licorne V16 10CV Sport;Corre 1.5L I4;;109;1889.013;;
1925;10;1.1;50;FRA;Chenard-Walcker SA;FRA|ESP;Raymond Glaszmann|Manso de Zuñiga;Chenard et Walcker Z1 Speciale;Chenard et Walcker 1.1L I4;;109;1882.250;;
1925;11;2.0;21;ITA;Societa Anonima Autoconstruzoni Diatto;FRA|ITA;Edmond Garcia|Mario Botta;Diatto Tipo 30;Diatto 2.0L I4;;109;1881.558;;
1925;12;2.0;33;FRA;Etablissements Industriels Jacques Bignan;FRA|FRA;Henri Springuel|Pierre Clause;Bignan 2 Litre Sport;Bignan 2.0L I4;;108;1877.896;;
1925;13;1.1;49;FRA;Chenard-Walcker SA;FRA|FRA;Robert Sénéchal|Albéric Loqueheux;Chenard et Walcker Z1 Speciale;Chenard et Walcker 1.1L I4;;105;1813.240;;
1925;14;1.5;39;FRA;Établissements Henri Precioux;FRA|FRA;Jean d'Aulan|René Dély;E.H.P. Type DT Speciale;CIME 1.5L I4;;103;1787.186;;
1925;15;1.5;35;FRA;Automobiles Gendron & Cie;FRA|FRA;Adrien Drancé|Marcel Michelot;G.M. GC2 Sport;G.M. 1.5L I4;;100;1741.200;;
1925;16;1.1;44;FRA;Societe des Applications à Refroidisssements par Air;FRA|FRA;Lucien Erb|Gaston Mottet;S.A.R.A. ATS;S.A.R.A. 1.1L I4;;93;1619.800;;
1925;NC;5.0;7;FRA;Grand Garage Saint-Didier Paris;FRA|FRA;Henri Stoffel|Lucien Desvaux;Chrysler Six 70;Chrysler 3.3L I6;;0;0.0;;
1925;NC;3.0;14;ITA;Societa Anonima Autoconstruzoni Diatto;ITA|ITA;Giorgio Rubbietti|Tulio Vesprini;Diatto Tipo 35;Diatto 2.9L I4;;0;0.0;;
1925;NC;3.0;18;FRA;Automobiles Ravel SA;BEL|FRA;Eugene van den Bossche|Abel Smeets;Ravel Type A Sport;Ravel 2.5L I4;;0;0.0;;
1925;NC;2.0;22;FRA;Etablissements Automobiles Rolland et Pilain SA;FRA|FRA;Gaston Delalande|Paul Chalamel;Rolland-Pilain C23 Super Sport;Rolland-Pilain 2.0L I4;;0;0.0;;
1925;DNF;3.0;13;ITA;Societa Anonima Autoconstruzoni Diatto;FRA|FRA;Francois Lecot|Eugene Renaud;Diatto Tipo 35;Diatto 3.0L I4;;109;881.558;;
1925;DNF;1.5;36;FRA;Automobiles Talbot-Darracq;FRA|FRA;Edmond Bourlier|Jules Moriceau;Talbot-Darracq Type C;Talbot 1.5L I4;;98;1691.676;;Accident
1925;DNF;5.0;2;FRA;Chenard-Walcker SA;FRA|FRA;André Lagache|René Léonard;Chenard et Walcker Type U 22CV Sport;Chenard et Walcker 3.9L I8;;90;1553.580;;
1925;DNF;2.0;28;ITA;Officine Meccaniche;ITA|ITA;Ferdinando Minoia|Vincenzo Coffani;O.M. Tipo 665S Superba;O.M. 2.0L I6;;81;1398.222;;
1925;DNF;1.5;37;FRA;Automobiles Talbot-Darracq;FRA|FRA;Paul Le Duc|Alphonse Auclair;Talbot-Darracq Type C;Talbot 1.5L I4;;73;1260.126;;
1925;DNF;2.0;32;FRA;Etablissements Industriels Jacques Bignan;FRA|FRA;Jean Martin|Jean Matthys;Bignan 2 Litre Sport;Bignan 2.0L I4;;65;1122.030;;
1925;DNF;5.0;9;GBR;Bentley Motors Limited;CAN|GBR;John Duff|Frank Clement;Bentley 3 Litre Sport;Bentley 3.3L I4;;64;1047.680;;Carburettor fire
1925;DNF;1.1;47;FRA;Automobiles Doriot-Flandrin-Parant SA;FRA|FRA;f.n.u. Lachanay|Jacques Millies;D.F.P. Type VA;C.I.M.E. 1.1L I4;;60;1035.720;;
1925;DNF;3.0;17;FRA;Etablissements Charles Montier et Cie;BEL|FRA;Charles Montier|Albert Ouriou;Ford-Montier CM1;Montier 2.9L I4;;54;932.148;;
1925;DNF;1.5;40;FRA;Societe Francaise des Automobiles Corre;FRA|FRA;Albert Colomb|f.n.u. Vallay;Corre La Licorne V16 10CV Sport;Corre 1.5L I4;;50;883.620;;
1925;DNF;3.0;12;FRA;Societe des Automobile Ariès;FRA|FRA;Louis Rigal|Roger Delano;Ariès Type S GP2;Ariés 3.0L I4;;42;725.004;;
1925;DNF;2.0;20;ITA;Societa Anonima Autoconstruzoni Diatto;FRA|FRA;Louis Dollé|Albert Giraud;Diatto Tipo 30;Diatto 2.0L I4;;41;707.742;;
1925;DNF;1.5;38;FRA;Établissements Henri Precioux;FRA|FRA;Marcel Benoist|Michel Doré;E.H.P. Type DT Speciale;CIME 1.5L I4;;41;707.742;;
1925;DNF;1.1;45;FRA;Societe des Applications à Refroidisssements par Air;ESP|FRA;Jules de Ségovia|Gaston Duval;S.A.R.A. BDE;S.A.R.A. 1.1L I4;;40;690.480;;
1925;DNF;1.5;34;FRA;Automobiles Gendron & Cie;FRA|FRA;Marcel Gendron|Lucien Bossoutrot;G.M. GC2 Sport;G.M. 1.5L I4;;36;621.432;;
1925;DNF;1.1;53;FRA;Societe des Automobile Ariès;FRA|FRA;Joseph Paul|Louis Francois;Ariès CC2;Ariés 1.1L I4;;35;604.170;;
1925;DNF;5.0;6;FRA;Societe Lorraine de Dietrich et Cie;FRA|FRA;Robert Bloch|Léon Saint-Paul;Lorraine-Dietrich B3-6 Sport;Lorraine-Dietrich 3.5L I6;;33;569.646;;
1925;DNF;3.0;15;GBR;Sunbeam Motor Company;GBR|GBR;Henry Segrave|George Duller;Sunbeam 3 Litre Super Sports;Sunbeam 3.0L I6;;32;552.384;;Clutch
1925;DNF;1.1;46;FRA;Automobiles Doriot-Flandrin-Parant SA;FRA|FRA;André Colas|f.n.u. Moraine;D.F.P. Type VA;C.I.M.E. 1.1L I4;;31;535.122;;
1925;DNF;5.0;1;FRA;Societe de Construction de Voitures Sizaire-Berwick;FRA|FRA;f.n.u. de Franconi|Emile Dupont;Sizaire-Berwick 25/50CV;Sizaire-Berwick 4.5L I4;;23;397.000;;
1925;DNF;5.0;10;GBR;Bentley Motors Limited;GBR|GBR;Bertie Kensington-Moir|Dudley Benjafield;Bentley 3 Litre Sport;Bentley 3.3L I4;;19;327.978;;Fuel starvation
1925;DNF;1.1;48;FRA;Automobiles Doriot-Flandrin-Parant SA;FRA|FRA;Jean Porporato|Marcel Collet;D.F.P. Type VA;C.I.M.E. 1.1L I4;;19;327.978;;
1925;DNF;1.1;51;FRA;Societe Nouvelle de l'Automobile Amilcar;FRA|FRA;Marius Mestivier|André Morel;Amilcar CGS;Amilcar 1.1L I4;;17;293.454;;Fatal accident - Mestivier
1925;DNF;1.1;43;FRA;Societe des Applications à Refroidisssements par Air;FRA|FRA;André Marandet|Gonzaque Lécureul;S.A.R.A. BDE;S.A.R.A. 1.1L I4;;15;0.0;;
1925;DNF;1.1;52;FRA;Automobiles Majola;FRA|FRA;Jean Majola|Fernand Casellini;Majola Type F;Majola 1.1L I4;;14;241.668;;
1925;DNF;1.1;54;FRA;Societe des Automobile Ariès;FRA|FRA;Fernand Gabriel|Henri Lapierre;Ariés CC2;Ariés 1.1L I4;;11;189.882;;
1925;DNF;0.75;55;GBR;Eric Gordon England;GBR|GBR;Eric Gordon England|Francis Samuelson;Austin 7;Austin 0.7L I4;;9;155.390;;Holed radiator
1925;DNF;5.0;3;FRA;Chenard-Walcker SA;BEL|BEL;André Pisart|Jacques Ledure;Chenard et Walcker Type U 22CV Sport;Chenard et Walcker 3.9L I8;;6;103.572;;
1925;DSQ;2.0;24;FRA;Etablissements Automobiles Rolland et Pilain SA;FRA|FRA;f.n.u. Stremler|Pierre Salles;Rolland-Pilain C23 Super Sport;Rolland-Pilain 2.0L I4;;0;0.0;;
1926;1;5.0;6;FRA;Societe Lorraine de Dietrich et Cie;FRA|FRA;Robert Bloch|André Rossignol;Lorraine-Dietrich B3-6 Le Mans;Lorraine-Dietrich 3.4L I6;;147;2552.414;;
1926;2;5.0;5;FRA;Societe Lorraine de Dietrich et Cie;FRA|FRA;Gérard de Courcelles|Marcel Mongin;Lorraine-Dietrich B3-6 Le Mans;Lorraine-Dietrich 3.4L I6;;146;2533.532;;
1926;3;5.0;4;FRA;Societe Lorraine de Dietrich et Cie;FRA|FRA;f.n.u. Stalter|Édouard Brisson;Lorraine-Dietrich B3-6 Le Mans;Lorraine-Dietrich 3.4L I6;;139;2403.418;;
1926;4;2.0;17;ITA;Officine Meccaniche;ITA|ITA;Ferdinando Minoia|Giulio Foresti;O.M. Tipo 665S Superba;O.M. 2.0L I6;;134;2327.608;;
1926;5;2.0;18;ITA;Officine Meccaniche;ITA|ITA;Mario Danieli|Tino Danieli;O.M. Tipo 665S Superba;O.M. 2.0L I6;;131;2262.322;;
1926;6;2.0;27;FRA;Automobiles Th.Schneider SA;FRA|FRA;Pierre Tabourin|Auguste Lefranc;Th.Schneider 25 SP;Theo Schneider 2.0L I4;;118;2037.950;;
1926;7;2.0;21;FRA;Etablissements Automobiles Rolland et Pilain SA;FRA|FRA;Aimé Nezeloff|Jean Lassalle;Rolland-Pilain C23 Super Sport;Rolland-Pilain 2.0L I4;;117;2028.854;;
1926;8;1.5;37;FRA;Établissements Henri Precioux;FRA|FRA;Henri de Costier|Pierre Bussienne;E.H.P. Type DS;CIME 1.2L I4;;111;1922.482;;
1926;9;1.1;46;FRA;Societe des Moteurs Salmson;FRA|FRA;Georges Casse|André Rousseau;Salmson Grand Sport;Salmson 1.1L I4;;110;1914.820;;
1926;10;1.5;33;FRA;Societe Francaise des Automobiles Corre;FRA|FRA;Jean Errecaldé|André Galoisy;Corre-La Licorne V16 10CV Sport;Corre 1.4L I4;;109;1888.558;;
1926;11;1.1;42;FRA;Societe des Applications à Refroidisssements par Air;FRA|FRA;André Marandet|Gonzaque Lécureul;S.A.R.A. BDE;S.A.R.A. 1.1L I4;;108;1879.476;;
1926;12;1.1;43;FRA;Societe des Applications à Refroidisssements par Air;FRA|FRA;Gaston Duval|Henri Armand;S.A.R.A. BDE;S.A.R.A. 1.1L I4;;104;1798.848;;
1926;13;1.1;49;FRA;Societe des Automobile Ariès;FRA|FRA;Fernand Gabriel|Louis Paris;Ariès CC2 Super;Ariés 1.0L I4;;101;1758.962;;
1926;NC;3.0;15;FRA;Henri Falconnet Paris;FRA|FRA;f.n.u. Deprez|Maurice Dumont;Overland Six 93;Overland 2.8L I6;;117;2019.654;;
1926;NC;2.0;20;FRA;Etablissements Automobiles Rolland et Pilain SA;FRA|FRA;Gaston Delalande|Louis Sire;Rolland-Pilain C23 Super Sport;Rolland-Pilain 2.0L I4;;0;0.0;;
1926;NC;1.5;35;FRA;Automobiles Louis Ravel SA;BEL|FRA;f.n.u. Van Cuyck|Roger Camuzet;Ravel Type C;Ravel 1.5L I4;;0;0.0;;
1926;NC;1.5;30;FRA;Automobiles Jousset SA;FRA|FRA;Léon Molon|Lucien Molon;Jousset M1 Berline;Jousset 1.5L I4;;0;0.0;;
1926;DNF;3.0;7;GBR;Bentley Motors Limited;GBR|GBR;Dr. Dudley Benjafield|Sammy Davis;Bentley 3 Litre Speed;Bentley 3.0L I4;;138;2382.156;;Brakes, accident
1926;DNF;2.0;25;FRA;Etablissements Industriels Jacques Bignan;FRA|FRA;Georges Gautier|Pierre Clause;Bignan 2 Litre Sport;Bignan 2.0L I4;;113;1950.606;;
1926;DNF;3.0;9;GBR;Bentley Motors Limited;GBR|GBR;Tommy Thistlethwayte|Clive Gallop;Bentley 3 Litre Super Sport;Bentley 3.0L I4;;105;1812.510;;Rocker arm
1926;DNF;5.0;3;FRA;Societe des Automobiles Peugeot;FRA|FRA;Louis Wagner|Christian Dauvergne;Peugeot Type 174 Sport;Peugeot 3.8L I6;;76;1311.912;;Starter motor
1926;DNF;3.0;8;GBR;Bentley Motors Limited;GBR|GBR;George Duller|Frank Clement;Bentley 3 Litre Speed;Bentley 3.0L I4;;72;1242.864;;Broken valve
1926;DNF;3.0;10;FRA;Societe des Automobile Ariès;FRA|FRA;Robert Laly|Jean Chassagne;Ariés Type S GP2 Surbaissée;Ariés 3.0L I4;;65;1122.030;;Battery
1926;DNF;1.5;29;FRA;Automobiles Jousset SA;FRA|FRA;René Bonneau|Raymond Saladin;Jousset M1 Tourisme;Jousset 1.5L I4;;64;1104.768;;
1926;DNF;1.5;38;FRA;Établissements Henri Precioux;FRA|FRA;f.n.u. Morac|Marcel Ballot;E.H.P. Type DS;C.I.M.A. 1.2L I4;;62;1070.244;;
1926;DNF;2.0;26;FRA;Automobiles Th.Schneider SA;FRA|FRA;Robert Poirier|Antonin Fontaine;Th.Schneider 25 SP;Theo Schneider 2.0L I4;;61;1052.982;;Accident
1926;DNF;1.5;39;FRA;Societe des Moteurs Salmson;FRA|FRA;Lionel de Marmier|Jean Sachot;Salmson Type D2;Salmson 1.2L I4;;54;932.148;;Accident
1926;DNF;2.0;22;FRA;Etablissements Automobiles Rolland et Pilain SA;FRA|FRA;f.n.u. Stremler|Paul Chalamel;Rolland-Pilain C23 Super Sport;Rolland-Pilain 2.0L I4;;53;914.886;;
1926;DNF;1.5;36;FRA;Automobiles Louis Ravel SA;FRA|FRA;Georges Kling|Pierre Rey;Ravel Type C;Ravel 1.5L I4;;46;794.052;;
1926;DNF;1.5;34;FRA;Automobiles Louis Ravel SA;FRA|FRA;Louis Abit|Charles Duverger;Ravel Type C;Ravel 1.5L I4;;45;776.790;;
1926;DNF;1.1;47;FRA;Societe des Moteurs Salmson;FRA|FRA;André de Victor|Jean Hasley;Salmson Grand Sport;Salmson 1.1L I4;;35;604.170;;Accident
1926;DNF;1.5;28;FRA;Établissements Henri Precioux;FRA|FRA;Guy Bouriat|Guy Dollfuss;E.H.P. Type DT Speciale 'Tank';CIMA 1.5L I4;;34;586.908;;
1926;DNF;1.1;48;FRA;Societe des Automobile Ariès;FRA|FRA;Roger Delano|Edmond Closset;Ariès CC2 Super;Ariés 1.0L I4;;31;535.122;;Fire
1926;DNF;1.5;31;FRA;Societe Francaise des Automobiles Corre;FRA|FRA;Waldemar Lestienne|Louis Balart;Corre-La Licorne G6 Sport;Corre 1.5L I4;;31;535.122;;Accident
1926;DNF;3.0;11;FRA;Societe des Automobile Ariès;FRA|FRA;Charles Flohot|Arthur Duray;Ariés Type S GP3;Ariés 3.0L I4;;31;535.122;;Accident
1926;DNF;1.5;32;FRA;Societe Francaise des Automobiles Corre;FRA|FRA;Albert Colomb|Fernand Vallon;Corre-La Licorne V16-G6;Corre 1.5L I4;;11;189.882;;
1926;DNF;5.0;1;FRA;Henri Falconnet Paris;FRA|FRA;Paul Gros|Paul Leduc;Willys-Knight 66 Great Six;Knight 3.9L I6;;8;138.096;;Carburettors
1926;DNF;2.0;24;FRA;Automobiles Georges Irat;FRA|FRA;Léon Derny|Amedée Rossi;Georges-Irat Type 4A Sport;Georges Irat 2.0L I4;;7;120.834;;
1926;DNF;2.0;23;FRA;Automobiles Georges Irat;FRA|FRA;Maurice Rost|Emil Burie;Georges-Irat Type 4A Sport;Georges Irat 2.0L I4;;6;103.572;;
1926;DSQ;2.0;19;ITA;Officine Meccaniche;ITA|FRA;Renato Balestrero|Frédéric Thelusson;O.M. Tipo 665S Superba;O.M. 2.0L I6;;94;1622.628;;DQ: outside help
1926;DSQ;5.0;2;FRA;Societe des Automobiles Peugeot;FRA|FRA;André Boillot|Louis Rigal;Peugeot Type 174 Sport;Peugeot 3.8L I6;;82;0.0;;DQ: windscreen
1927;1;3.0;3;GBR;Bentley Motors Limited;GBR|GBR;Dudley Benjafield|Sammy Davis;"Bentley 3 Litre Speed (""Old Number 7"")";Bentley 2.9L I4;Dunlop;137;2369.807;;
1927;2;1.1;25;FRA;Societe des Moteurs Salmson;FRA|FRA;André de Victor|Jean Hasley;Salmson Grand Sport;Salmson 1.1L I4;Dunlop;116;2019.999;;
1927;3;1.1;23;FRA;Societe des Moteurs Salmson;FRA|FRA;Georges Casse|André Rousseau;Salmson Grand Sport;Salmson 1.1L I4;Dunlop;115;2002.173;;
1927;4;1.5;15;FRA;Societe des Construction Automobile Parisienne;FRA|FRA;Lucien Desvaux|Fernand Vallon;S.C.A.P. Type O;S.C.A.P. 1.5L I4;Dunlop;110;1915.211;;
1927;5;1.1;26;FRA;Établissements Henri Precioux;FRA|FRA;Guy Bouriat|Pierre Bussienne;E.H.P. Type DS;C.I.M.E. 1.1L I4;Dunlop;108;1874.510;;
1927;6;1.1;21;FRA;Societe des Applications à Refroidisssements par Air;FRA|FRA;André Marandet|Gonzaque Lécureul;S.A.R.A. BDE;S.A.R.A. 1.1L I4;Englebert;106;1844.844;;
1927;7;1.1;20;FRA;SA des Automobiles Tracta;FRA|FRA;Jean-Albert Gregoire|Lucien Lemesle;Tracta Gephi;S.C.A.P. 1.1L I4;Dunlop;97;1687.394;;
1927;NC;1.5;16;FRA;Societe des Construction Automobile Parisienne;FRA|FRA;Henri Guilbert|Albert Clément;S.C.A.P. Type O;S.C.A.P. 1.5L I4;Dunlop;99;0.0;;
1927;DNF;2.0;4;FRA;Societe des Automobile Ariès;FRA|FRA;Robert Laly|Jean Chassagne;Ariès Type S GP2 Surbaisee;Ariès 3.0L I4;Dunlop;122;2226.798;;Ignition
1927;DNF;2.0;8;FRA;Fabrique Automobile de St Ouen;FRA|FRA;Raymond Leroy|Pierre Mesnel;Fasto A3 Sport;Fasto 2.0L I4;Dunlop;96;1657.152;;
1927;DNF;2.0;10;FRA;Fabrique Automobile de St Ouen;FRA|FRA;Michel Doré|Roger Hellot;Fasto A3 Sport;Fasto 2.0L I4;Dunlop;75;1294.650;;
1927;DNF;2.0;9;FRA;Fabrique Automobile de St Ouen;FRA|FRA;f.n.u. Brosseau|Frédéric Thelusson;Fasto A3 Sport;Fasto 2.0L I4;Dunlop;72;1242.864;;
1927;DNF;1.1;22;FRA;Societe des Applications à Refroidisssements par Air;FRA|FRA;Henri Armand|Gaston Duval;S.A.R.A. BDE;S.A.R.A. 1.1L I4;Englebert;50;863.100;;
1927;DNF;5.0;1;GBR;Bentley Motors Limited;GBR|GBR;Frank Clement|Leslie Callingham;"Bentley 4½ Litre (""Old Mother Gun"")";Bentley 4.4L I6;Dunlop;42;725.004;;
1927;DNF;2.0;12;FRA;Automobiles Th. Schneider SA;FRA|FRA;Jacques Chanterelle|René Schiltz;Th.Schneider 25 SP 'Le Mans';Theo Schneider 2.0L I4;Dunlop;35;604.170;;Accident
1927;DNF;3.0;2;GBR;Bentley Motors Limited;FRA|GBR;Andre d'Erlanger|George Duller;Bentley 3 Litre Speed;Bentley 3.0L I4;Dunlop;34;586.908;;Accident
1927;DNF;2.0;11;FRA;Automobiles Th. Schneider SA;FRA|FRA;Robert Poirier|Pierre Tabourin;Th.Schneider 25 SP 'Le Mans';Theo Schneider 2.0L I4;Dunlop;34;586.908;;Accident
1927;DSQ;1.5;14;FRA;Societe des Applications à Refroidisssements par Air;FRA|FRA;Gaston Mottet|Emile Maret;S.A.R.A. SP7;S.A.R.A. 1.5L I6;Englebert;26;448.812;;Accident
1927;DSQ;1.1;29;FRA;Societe des Automobile Ariès;FRA|FRA;Fernand Gabriel|Louis Paris;Ariès CC2 Super;Ariès 1.1L I4;Dunlop;23;397.026;;Accident
1927;DSQ;1.1;24;FRA;Societe des Moteurs Salmson;FRA|FRA;Lionel de Marmier|Pierre Goutte;Salmson Grand Sport;Salmson 1.1L I4;Dunlop;21;362.502;;Starter motor
1927;DSQ;1.1;28;FRA;Societe des Automobile Ariès;FRA|FRA;Arthur Duray|Roger Delano;Ariès CC4;Ariès 1.1L I4;Dunlop;16;276.192;;Camshaft
1927;DSQ;1.1;27;FRA;Établissements Henri Precioux;FRA|FRA;Henri de Costier|Hilaire Gaignard;E.H.P. Type DS;C.I.M.E. 1.1L I4;Dunlop;8;138.896;;Cooling
1927;DNS;1.1;17;FRA;Gendron-Michelot;FRA|FRA;Marcel Michelot|Lucien Bossoutrot;GM GC3 Sport;S.C.A.P. 1.1L I4;;0;0.0;;
1927;DNS;1.1;18;FRA;Gendron-Michelot;FRA    ;Marcel Gendron|;GM GC3 Sport;S.C.A.P. 1.1L I4;;0;0.0;;
1927;DNS;1.1;19;FRA;SA des Automobiles Tracta;FRA|FRA;Pierre Fenaille|Etienne Boussod;Tracta Gephi;S.C.A.P. 1.1L I4;Dunlop;0;0.0;;
1928;1;5.0;4;GBR;Bentley Motors Limited;GBR|AUS;Woolf Barnato|Bernard Rubin;Bentley 4½ Litre;Bentley 4.4L I4;;154;2669.272;;
1928;2;5.0;1;FRA;Societe de Carrosserie Weymann;FRA|FRA;Éduoard Brisson|Robert Bloch;Stutz Model BB Blackhawk;Stutz 4.9L I8;;153;2656.594;;
1928;3;5.0;8;FRA;Grand Garage Saint-Didier Paris;FRA|FRA;Henri Stoffel|André Rossignol;Chrysler Six 72;Chrysler 4.1L I6;;144;2493.853;;
1928;4;5.0;7;FRA;Grand Garage Saint-Didier Paris;ROU|ROU;Jean Cantacuzino|Gheorghe Cantacuzino;Chrysler Six 72;Chrysler 4.1L I6;;139;2412.187;;
1928;5;5.0;3;GBR;Bentley Motors Limited;GBR|FRA;Sir Henry Birkin|Jean Chassagne;Bentley 4½ Litre;Bentley 4.4L I4;;135;2335.351;;
1928;6;1.5;27;GBR;Alvis Car & Engineering Company;GBR|GBR;Maurice Harvey|Harold Purdy;Alvis FA12/50;Alvis 1.5L I4;;132;2286.382;;
1928;7;1.1;32;FRA;Bollack, Netter et Cie;FRA|FRA;Michel Doré|Jean Treunet;B.N.C. Type H Monza;B.N.C. 1.1L I4;;131;2270.066;;
1928;8;2.0;12;ITA;Itala SA Fabbrica Automobili;FRA|FRA;Robert Benoist|Christian Dauvergne;Itala Tipo 65 S;Itala 2.0L I6;;130;2258.171;;
1928;9;1.5;28;GBR;Alvis Car & Engineering Company;GBR|GBR;Sammy Davis|Bill Urquhart-Dykes;Alvis FA12/50;Alvis 1.5L I4;;130;2246.016;;
1928;10;1.1;35;FRA;Societe des Moteurs Salmson;FRA|FRA;Georges Casse|André Rousseau;Salmson Grand Sport;Salmson 1.1L I4;;127;2208.444;;
1928;11;2.0;16;GBR;Lagonda Motor Company;GBR|GBR;Andre d'Erlanger|Douglas Hawkes;Lagonda 2 Litre Speed Model;Lagonda 2.0L I4;;126;2178.259;;
1928;12;1.5;29;FRA;SA des Automobiles Tracta;FRA|FRA;Maurice Benoist|Louis Balart;Tracta Type A;S.C.A.P. 1.5L I4;;121;2000.455;;
1928;13;1.1;37;FRA;Automobiles Lombard SA;FRA|FRA;Lucien Desvaux|Pierre Goutte;Lombard AL3 Grand Air Sport;Lombard 1.1L I4;;116;2016.707;;
1928;14;1.1;36;FRA;Établissements Henri Precioux;FRA|FRA;Guy Bouriat|Pierre Bussienne;E.H.P. Type DU;CIME 1.1L I6;;115;1996.891;;
1928;15;2.0;19;FRA;Societe des Applications à Refroidisssements par Air;FRA|FRA;Gaston Duval|Gaston Mottet;S.A.R.A. SP7;S.A.R.A. 1.8L I6;;114;1974.190;;
1928;16;1.1;31;FRA;SA des Automobiles Tracta;FRA|ARG;Roger Bourcier|Hector Vasena;Tracta Gephi;S.C.A.P. 1.1L I4;;110;1905.147;;
1928;17;1.1;42;FRA;SA des Automobiles Tracta;FRA|FRA;Jean-Albert Grégoire|Fernand Vallon;Tracta Type A;S.C.A.P. 1.1L I4;;108;1870.739;;
1928;DNF;1.5;24;FRA;Societe des Construction Automobile Parisienne;FRA|FRA;Henri Guilbert|André Lefebvre;S.C.A.P. Type O;S.C.A.P. 1.5L I4;;95;1639.890;;Oil
1928;DNF;1.1;39;FRA;Societe des Construction Automobile Parisienne;FRA|FRA;Lucien Lemesle|Henry Godard;S.C.A.P. Type M;S.C.A.P. 1.1L I4;;91;1570.842;;
1928;DNF;1.5;26;GBR;Aston Martin Limited;GBR|GBR;Jack Besant|Cyril Paul;Aston Martin International;Aston Martin 1.5L I4;;82;1415.484;;
1928;DNF;5.0;2;GBR;Bentley Motors Limited;GBR|GBR;Dr. Dudley Benjafield|Frank Clement;Bentley 4½ Litre;Bentley 4.4L I4;;71;1225.602;;Radiator hose, oil
1928;DNF;5.0;5;FRA;Grand Garage Saint-Didier Paris;FRA|MCO;Cyril de Vere|Louis Chiron;Chrysler Six 72;Chrysler 4.1L I6;;66;1139.292;;Clutch
1928;DNF;1.1;41;FRA;Societe des Automobile Ariès;FRA|FRA;Fernand Gabriel|Louis Paris;Ariès CC4;Ariès 1.1L I4;;51;880.360;;
1928;DNF;2.0;14;ITA;Itala SA Fabbrica Automobili;FRA|FRA;Louis Charavel|f.n.u. Christian;Itala Tipo 65 S;Itala 2.0L I6;;50;863.100;;
1928;DNF;1.5;21;FRA;Automobiles Luart-Poniatowski-Hougardy Ingenieurs;FRA|FRA;Henri De Costier|Sosthene de la Rochefoucauld;Alphi LM;Alphi 1.5L I4;;45;776.790;;
1928;DNF;1.5;25;GBR;Aston Martin Limited;GBR|GBR;Bert Bertelli|George Eyston;Aston Martin International;Aston Martin 1.5L I4;;32;552.384;;Rear axle casing
1928;DNF;1.1;30;FRA;Societe des Moteurs Salmson;FRA|FRA;Jean Hasley|Albert Perrot;Salmson Grand Sport;Salmson 1.1L I4;;30;517.860;;
1928;DNF;2.0;20;FRA;Societe des Applications à Refroidisssements par Air;FRA|FRA;Emile Maret|Gonzaque Lécureul;S.A.R.A. SP7;S.A.R.A. 1.8L I6;;25;431.550;;
1928;DNF;2.0;18;GBR;Lagonda Motor Company;GBR|GBR;Clive Gallop|E.J. Hayes;Lagonda 2 Litre Speed Model;Lagonda 2.0L I4;;23;397.026;;Accident
1928;DNF;1.1;40;FRA;Societe des Automobile Ariès;FRA|FRA;Arthur Duray|Roger Delano;Ariès CC4;Ariès 1.1L I4;;22;379.764;;
1928;DNF;2.0;15;GBR;Lagonda Motor Company;GBR|GBR;Francis Samuelson|Frank King;Lagonda 2 Litre Speed Model;Lagonda 2.0L I4;;13;224.406;;Gearbox, accident
1928;DNF;5.0;6;FRA;Grand Garage Saint-Didier Paris;ITA|FRA;Freddie Zehender|Jacques Ledure;Chrysler Six 72;Chrysler 4.1L I6;;5;86.310;;Radiator
1928;DNF;3.0;9;FRA;Societe des Automobile Ariès;FRA|FRA;Robert Laly|Louis Rigal;Ariès Type S GP2 Surbaissée;Ariès 3.0L I4;;3;51.786;;Engine
1928;DNS;3.0;11;RUS;Boris Ivanowski;RUS|ITA;Boris Ivanowski|Attilo Marinoni;Alfa Romeo 6C-1500 Super Sport;Alfa Romeo 1.6L Supercharged I6;;0;0.0;;Reserve
1929;1;8.0;1;GBR;Bentley Motors Limited;GBR|GBR;Woolf Barnato|Henry Birkin;Bentley Speed Six Old Number One;Bentley 6.6L I6;;174;2843.830;;
1929;2;5.0;9;GBR;Bentley Motors Limited;GBR|GBR;Jack Dunfee|Glen Kidston;Bentley 4½ Litre;Bentley 4.4L I4;;167;2729.378;;
1929;3;5.0;10;GBR;Bentley Motors Limited;GBR|FRA;Dr. Dudley Benjafield|André d'Erlanger;Bentley 4½ Litre;Bentley 4.4L I4;;159;2598.367;;
1929;4;5.0;8;GBR;Bentley Motors Limited;GBR|FRA;Frank Clement|Jean Chassagne;Bentley 4½ Litre;Bentley 4.4L I4;;156;2564.867;;
1929;5;8.0;5;FRA;Automobiles Elite Paris;FRA|FRA;Guy Bouriat|Philippe de Rothschild;Stutz Model M Blackhawk;Stutz 5.3L Supercharged I8;;153;2504.568;;
1929;6;5.0;14;FRA;Grand Garage Saint-Didier Paris;FRA|FRA;Henri Stoffel|Robert Benoist;Chrysler Six 75;Chrysler 4.1L I6;;152;2489.798;;
1929;7;5.0;12;FRA;Grand Garage Saint-Didier Paris;FRA|FRA;Cyril de Vere|Marcel Mongin;Chrysler Six 77;Chrysler 4.1L I6;;149;2434.917;;
1929;8;1.5;21;GBR;K.S. Peacock;GBR|GBR;Kenneth Peacock|Sammy Newsome;Lea-Francis S-Type Hyper;Meadows 1.5L Supercharged I4;;135;2221.939;;
1929;9;1.1;26;FRA;SA des Automobiles Tracta;FRA|FRA;Louis Balart|Louis Debeugny;Tracta Type A;S.C.A.P. 1.0L Supercharged I4;;128;2091.636;;
1929;10;1.1;27;FRA;SA des Automobiles Tracta;FRA|FRA;Jean-Albert Grégoire|Fernand Vallon;Tracta Type A;S.C.A.P. 1.0L Supercharged I4;;126;2060.323;;
1929;DNF;8.0;6;GBR;Colonel Warwick Wright;GBR|GBR;Capt. George Eyston|Dick Watney;Stutz Model M Blackhawk;Stutz 5.3L Supercharged I8;;104;1701.440;;Fuel tank
1929;DNF;1.5;20;FRA;Bollack, Netter et Cie;FRA|FRA;Lucien Desvaux|Auguste Garalp;B.N.C. Acacias;B.N.C. 1.5L I4;;88;1439.680;;
1929;DNF;5.0;7;GBR;C.W. Fiennes;GBR|GBR;Owen Saunders-Davies|Cecil Wingfield Fiennes;Invicta LC 4½ Litre;Meadows 4.5L I6;;78;1276.080;;Engine
1929;DNF;2.0;19;FRA;Societe des Applications à Refroidisssements par Air;GBR|GBR;W.R. Hutchinson|R.F. Turner;S.A.R.A. SP7;S.A.R.A. 1.8L I4;;73;1194.280;;
1929;DNF;1.1;25;FRA;SA des Automobiles Tracta;FRA|FRA;Lucien Lemesle|Maurice Benoist;Tracta Type A;S.C.A.P. 1.0L Supercharged I4;;70;1145.200;;Fuel pipe
1929;DNF;8.0;4;FRA;Societe de Carrosserie Weymann;FRA|MCO;Éduoard Brisson|Louis Chiron;Stutz Model M Blackhawk;Stutz 5.3L Supercharged I8;;65;1063.400;;
1929;DNF;1.1;24;FRA;SA des Automobiles Tracta;FRA|FRA;Roger Bourcier|f.n.u. Tribaudot;Tracta Speciale;Cozette 1.0L Supercharged I4 (2-Stroke);;43;703.480;;Engine
1929;DNF;2.0;16;GBR;PERR/Fox & Nicholl;GBR|GBR;Tim Rose-Richards|Brian Lewis;Lagonda 2 Litre Speed;Lagonda 2.0L I4;;29;1474.440;;Head hasket
1929;DNF;1.1;29;FRA;Bollack, Netter et Cie;FRA|FRA;Jean Lajeune|Maurice Faure;B.N.C. Type 527;B.N.C. 1.0L I4;;24;392.640;;
1929;DNF;2.0;18;FRA;Societe des Applications à Refroidisssements par Air;FRA|GBR;Gaston Mottet|Douglas Hawkes;S.A.R.A. SP7;S.A.R.A. 1.8L I4;;22;359.920;;
1929;DNF;1.5;22;GBR;Alvis Car & Engineering Company;GBR|GBR;Cyril Paul|Bill Urquhart-Dykes;Alvis FA8/15;Alvis 1.5L Supercharged I4;;21;343.560;;Engine
1929;DNF;8.0;2;USA;Du Pont Motor Company;USA|USA;Alfredo Miranda Jr.|Charles Moran Jr.;Du Pont Model G Speedster;Continental 5.3L I8;;20;327.200;;Transmission
1929;DNF;1.1;30;FRA;Bollack, Netter et Cie;FRA|FRA;Michel Doré|Jean Treunet;B.N.C. Type 527;B.N.C. 1.0L I4;;15;245.400;;
1929;DNF;0.75;31;FRA;Cyclecars D'Yrsan;FRA|FRA;f.n.u. Trillaud|Henri Lachner;D'Yrsan Grand Sport;Ruby 0.7 I4;;9;147.240;;
1929;DNF;5.0;11;GBR;Bentley Motors Limited;AUS|GBR;Bernard Rubin|Earl Howe;Bentley 4½ Litre;Bentley 4.4L I6;;7;114.520;;Ignition
1929;DNS;1.5;23;GBR;Alvis Car & Engineering Company;GBR|GBR;Sammy Davis|Leon Cushman;Alvis FA8/15;Alvis 1.5L Supercharged I4;;0;0.0;;
1930;1;8.0;4;GBR;Bentley Motors Limited;GBR|GBR;Woolf Barnato|Glen Kidston;Bentley Speed Six;Bentley 6.6L I6;;179;2930.663;;
1930;2;8.0;2;GBR;Bentley Motors Limited;GBR|GBR;Frank Clement|Dick Watney;Bentley Speed Six;Bentley 6.6L I6;;173;2832.483;;
1930;3;3.0;15;GBR;Arthur W. Fox;GBR|GBR;Brian Lewis|Hugh Eaton;Talbot 90;Talbot 2.3L I4;;162;2651.977;;
1930;4;3.0;16;GBR;Robert I. Nicholl;GBR|GBR;Johnny Hindmarsh|Tim Rose-Richards;Talbot 90;Talbot 2.3L I4;;160;2625.494;;
1930;5;2.0;23;GBR;Earl Howe;GBR|GBR;Earl Howe|Leslie Callingham;Alfa Romeo 6C-1750 Super Sport;Alfa Romeo 1.8L Supercharged I6;;159;2607.661;;
1930;6;1.5;24;GBR;Lea-Francis Limited;GBR|GBR;Kenneth Peacock|Sammy Newsome;Lea-Francis Hyper S;Meadows 1.5L Supercharged I4;;140;2291.886;;
1930;7;1.5;25;GBR;Marguerite Mareuse;FRA|FRA;Marguerite Mareuse|Odette Siko;Bugatti T40;Bugatti 1.5L I4;;132;2164.701;;
1930;8;1.1;27;GBR;SA des Automobiles Tracta;FRA|FRA;Jean-Albert Grégoire|Fernand Vallon;Tracta Type A;S.C.A.P. 1.0L I4;;128;2102.879;;
1930;9;1.1;26;GBR;SA des Automobiles Tracta;FRA|FRA;Roger Bourcier|Louis Debeugny;Tracta Type A;S.C.A.P. 1.0L I4;;123;2013.593;;
1930;DNF;5.0;8;GBR;Honourable Miss Dorothy Paget;GBR|ITA;Dr. Dudley Benjafield|Giulio Ramponi;Bentley 4½ Litre 'Blower';Bentley 4.4L Supercharged I4;;144;2355.840;;Engine
1930;DNF;5.0;9;GBR;Honourable Miss Dorothy Paget;GBR|FRA;Sir Henry Birkin|Jean Chassagne;Bentley 4½ Litre 'Blower';Bentley 4.4L Supercharged I4;;138;2257.680;;Engine
1930;DNF;8.0;1;DEU;Rudolf Caracciola;DEU|DEU;Rudolf Caracciola|Christian Werner;Mercedes-Benz SSK;Mercedes-Benz 7.1L Supercharged I6;;85;1357.800;;Flat battery
1930;DNF;1.1;28;GBR;Huskinson & Fane Limited;GBR|GBR;Robert Murton-Neale|Jack Hicks;MG Midget M;MG 0.8L I4;;82;1341.520;;Lubrication
1930;DNF;8.0;6;USA;Richard Averell Parke;FRA|FRA;Philippe de Rothschild|Edmond Bourlier;Stutz Model M Blackhawk;Stutz 5.4L I8;;42;687.120;;Rear axle
1930;DNF;8.0;5;GBR;Éduoard Brisson;FRA|FRA;Éduoard Brisson|Louis Rigal;Stutz Model M Blackhawk;Stutz 5.4L I8;;34;556.240;;Fire
1930;DNF;1.1;29;GBR;Sir Francis Samuelson;GBR|GBR;Francis Samuelson|Fred Kindell;MG Midget M;MG 0.8L I4;;28;458.080;;Lubrication, oil filter
1930;DNF;8.0;3;GBR;Bentley Motors Limited;GBR|GBR;Sammy Davis|Clive Dunfee;Bentley Speed Six;Bentley 6.6L I6;;21;343.560;;Accident
1930;DNS;1.5;20;GBR;Bollack, Netter et Cie;FRA|FRA;Charles Charrier|f.n.u. Joucia;B.N.C. Vedette AER;B.N.C. 1.5L I4;;0;0.0;;Car failed to start
1930;DNS;5.0;7;GBR;Honourable Miss Dorothy Paget;GBR|GBR;Boris Harcourt-Wood|Jack Dunfee;Bentley 4½ Litre 'Blower';Bentley 4.4L Supercharged I4;;0;0.0;;Fuel overheating
1931;1;3.0;16;GBR;Lord Howe;GBR|GBR;Lord Howe|Sir Henry Birkin;Alfa Romeo 8C 2300 LM;Alfa Romeo 2.3L Supercharged I8;;184;3017.654;;
1931;2;8.0;1;FRA;Boris Ivanowski;RUS|FRA;Boris Ivanowski|Henri Stoffel;Mercedes-Benz SSK;Mercedes-Benz 7.1L Supercharged I6;;177;2905.139;;
1931;3;3.0;11;GBR;Arthur W. Fox & Charles Nicholl;GBR|GBR;Tim Rose-Richards|Owen Saunders-Davies;Talbot AV105;Talbot 3.0L I6;;173;2837.398;;
1931;4;5.0;9;FRA;Henri Trébort;FRA|FRA;Henri Trébort|Louis Balart;Lorraine-Dietrich B3-6;Lorraine-Dietrich 3.4L I6;;150;2452.692;;
1931;5;1.5;25;GBR;Aston Martin;GBR|GBR;A C Bertelli|Maurice Harvey;Aston Martin 1½ International;Aston Martin 1.5L I4;;139;2286.393;;
1931;6;1.1;29;FRA;Yves Giraud-Cabantous;FRA|FRA;Just-Emile Vernet|Fernand Vallon;Caban Spéciale;Ruby 1.1L I4;;128;2092.185;;
1931;DSQ;0.75;31;GBR;Francis Samuelson;GBR|GBR;F.H.B. Samuelson|Freddy Kindell;MG C-type Midget;MG 0.7L Supercharged I4;;0;0.0;;Last lap over 30 min
1931;DSQ;1.1;27;FRA;M. de Ricou;FRA|FRA;Gustave Duverne|Robert Girod;B.N.C.;B.N.C. 1.1L I4;;0;0.0;;Refuelling too early
1931;DSQ;1.5;22;FRA;Mme. Marguerite Mareuse;FRA|FRA;Marguerite Mareuse|Odette Siko;Bugatti Type 40;Bugatti 1.5L I4;;0;0.0;;Refuelling too early
1931;DNF;3.0;10;GBR;Arthur W. Fox & Charles Nicholl;GBR|GBR;Brian Lewis|Johnny Hindmarsh;Talbot AV105;Talbot 3.0L I6;;132;2159.520;;Chassis
1931;DNF;1.5;26;GBR;Aston Martin;GBR|GBR;Sammy Newsome|Kenneth Peacock;Aston Martin 1½ International;Aston Martin 1.5L I4;;126;2045.000;;
1931;DNF;1.5;24;GBR;Aston Martin;GBR|GBR;Humphrey W. Cook|Jack Bezzant;Aston Martin 1½ International;Aston Martin 1.5L I4;;111;1815.960;;
1931;DNF;3.0;14;ITA;Soc. Anon. Alfa Romeo;ITA|ITA;Goffredo Zehender|Attilio Marinoni;Alfa Romeo 8C 2300;Alfa Romeo 2.3L I8;;99;1619.440;;Accident
1931;DNF;1.5;23;FRA;Jean Sébilleau;FRA|FRA;Jean Sébilleau|Georges Delaroche;Bugatti Type 40;Bugatti 1.5L I4;;96;1570.560;;Clutch
1931;DNF;3.0;12;GBR;Richard Ormonde Shuttleworth;GBR|GBR;Peter Hope-Johnson|Jack H. Barlett;Arrol-Aster;Arrol-Aster 2.4L I6;;95;1554.200;;Ignition
1931;DNF;1.1;28;FRA;Yves Giraud-Cabantous;FRA|FRA;Roger Labric|Yves Giraud-Cabantous;Caban Spéciale;Ruby 1.1L I4;;89;1456.040;;
1931;DNF;1.1;30;FRA;Lombard;FRA|FRA;Charles Cherrier|Camille Royer;Lombard;Lombard 1.1L I4;;45;736.200;;Oil presure
1931;DNF;0.75;32;GBR;Hon. Mrs. Chetwynd;GBR|GBR;Mrs. Chetwynd|Mrs. H.H. Stisted;MG C-type Midget;MG 0.7L Supercharged I4;;30;480.800;;Timing gear
1931;DNF;5.0;7;GBR;Anthony Bevan;GBR|GBR;Anthony Bevan|Mike Couper;Bentley 4½;Bentley 4.4L I4;;29;474.440;;Distribution
1931;DNF;5.0;5;FRA;Equipe Bugatti;FRA|FRA;Albert Divo|Guy Bouriat;Bugatti Type 50S;Bugatti 5.0L Supercharged I8;;26;425.160;;Withdrawn
1931;DNF;5.0;4;FRA;Equipe Bugatti;ITA|MCO;Achille Varzi|Louis Chiron;Bugatti Type 50S;Bugatti 5.0L Supercharged I8;;24;392.640;;Withdrawn
1931;DNF;3.0;19;FRA;Antoine Schumann;FRA|FRA;Pierre Louis-Dreyfus|Mariette Delangle;Bugatti Type 43;Bugatti 2.3L I8;;22;359.920;;Transmission
1931;DNF;5.0;6;FRA;Equipe Bugatti;ITA|FRA;Count Caberto Conelli|Maurice Rost;Bugatti Type 50S;Bugatti 4.9L Supercharged I8;;20;327.200;;Accident
1931;DNF;8.0;3;FRA;Éduoard Brisson;FRA|ITA;Éduoard Brisson|Joseph Cattaneo;Stutz DV32;Stutz 5.3L Supercharged I8;;19;310.840;;Engine
1931;DNF;8.0;2;FRA;No Team Name;FRA|FRA;Henri De Costier|Raymond Lussan;Chrysler Imperial;Chrysler 6.3L I8;;18;294.480;;Radiator
1931;DNF;5.0;8;FRA;No Team Name;FRA|FRA;Raymond Sommer|Jean Delemer;Chrysler 80;Chrysler 4.6L I6;;14;229.040;;Radiator
1932;1;3.0;8;FRA;Raymond Sommer;FRA|ITA;Raymond Sommer|Luigi Chinetti;Alfa Romeo 8C 2300LM;Alfa Romeo 2.3L Supercharged I8;;218;2954.038;;
1932;2;3.0;11;ITA;Soc. Anon. Alfa Romeo;ITA|ITA;Franco Cortese|Giovanni Battista Guidotti;Alfa Romeo 8C 2300LM;Alfa Romeo 2.3L Supercharged I8;;216;2927.278;;
1932;3;3.0;6;GBR;Arthur W. Fox;GBR|GBR;Brian Lewis|Tim Rose-Richards;Talbot AV105;Talbot 3.0L I6;;180;2441.606;;
1932;4;2.0;18;FRA;Mme. Odette Siko;FRA|FRA;Odette Siko|Louis Charaval;Alfa Romeo 6C 1750;Alfa Romeo 1.7L I6;;179;2417.694;;
1932;5;1.5;20;GBR;Aston Martin Ltd.;GBR|SWE;Sammy Newsome|Henken Widengren;Aston Martin 1½ Le Mans;Aston Martin 1.5L I4;;174;2348.842;;
1932;6;1.5;23;FRA;Jean Sébilleau;FRA|FRA;Jean Sébilleau|Georges Delaroche;Bugatti Type 40;Bugatti 1.5L I4;;172;2327.030;;
1932;7;1.5;21;GBR;Aston Martin Ltd.;GBR|GBR;A C Bertelli|Pat Driscoll;Aston Martin 1½ Le Mans;Aston Martin 1.5L I4;;168;2268.067;;
1932;8;1.1;29;FRA;Ecurie de l'Ours;FRA|FRA;Charles Auguste Martin|Auguste Bodoignet;Amilcar CO;Amilcar 1.1L I6;;151;2043.077;;
1932;9;1.1;26;FRA;Roger Labric;FRA|FRA;Roger Labric|Yves Giraud-Cabantous;Caban Spéciale;Ruby 1.1L I4;;146;1961.262;;
1932;DNF;3.0;16;POL;Count Stanislaus Czaykowski;POL|FRA;Stanisław Czaykowski|Ernest Friederich;Bugatti Type 55;Bugatti 2.3L I8;;180;2428.560;;Piston
1932;DNF;1.1;28;FRA;Just-Emile Vernet;FRA|FRA;Just-Emile Vernet|Fernand Vallon;Salmson GS;Salmson 1.1L I4;;111;1497.612;;Clutch
1932;DNF;3.0;9;GBR;Lord Howe;GBR|GBR;Lord Howe|Henry Birkin;Alfa Romeo 8C 2300LM;Alfa Romeo 2.3L Supercharged I8;;110;1484.120;;Head gasket
1932;DNF;1.5;24;FRA;Charles Druck;FRA|FRA;Charles Druck|Lucien Virlouvet;Bugatti Type 40;Bugatti 1.5L I4;;98;1322.216;;Accident
1932;DNF;0.75;32;GBR;Francis Samuelson;GBR|GBR;Francis Samuelson|Norman Black;MG C-type Midget;MG 0.7L I4;;57;769.044;;Fuel tank
1932;DNF;1.5;22;GBR;Aston Martin Ltd.;GBR|GBR;Kenneth Peacock|Jack Bezzant;Aston Martin 1½ Le Mans;Aston Martin 1.5L I4;;53;716.076;;Valve
1932;DNF;3.0;12;FRA;Heldé;FRA|FRA;Pierre-Louis Dreyfus|Mariette Delangle;Alfa Romeo 8C 2300;Alfa Romeo 2.3L Supercharged I8;;25;337.300;;Accident
1932;DNF;3.0;15;FRA;Guy Bouriat;FRA|MCO;Guy Bouriat|Louis Chiron;Bugatti Type 55;Bugatti 2.3L I8;;23;310.316;;Fuel tank
1932;DNF;3.0;10;ITA;Soc. Anon. Alfa Romeo;ITA|ITA;Ferdinando Minoia|Carlo Canavesi;Alfa Romeo 8C 2300;Alfa Romeo 2.3L Supercharged I8;;22;296.824;;Piston
1932;DNF;8.0;1;FRA;Henri Stoffel;FRA|FRA;Marcel Foucret|Paul Foucret;Mercedes-Benz SSK;Mercedes-Benz 7.1L I6;;22;296.824;;Accident
1932;DNF;8.0;3;FRA;E.H. Brisson;FRA|ITA;Éduoard Brisson|Joseph Cattaneo;Stutz DV32;Stutz 5.4L I8;;19;256.348;;Accident
1932;DNF;3.0;14;GEO;Prince Djordjadze;ITA|ITA;Attilio Marinoni|Angelo Guatta;Alfa Romeo 8C 2300;Alfa Romeo 2.3L Supercharged I8;;14;188.888;;Accident
1932;DNF;1.1;27;FRA;Roger Labric;FRA|FRA;Gustave Duverne|Georges Boréal;B.N.C.;B.N.C. 1.1L I4;;9;121.428;;Piston
1932;DNF;1.1;30;GBR;John Ludovic Ford;GBR|GBR;John Ludovic Ford|Maurice Baumer;Alta;Alta 1.1L I4;;6;80.952;;Ignition
1932;DNF;1.5;25;FRA;Jean Danne;FRA|FRA;Jean Danne|Jacques Gergaud;Rally NCP;Rally 1.4L I4;;6;80.952;;Clutch
1932;DNF;2.0;19;FRA;Henri de la Sayette;FRA|FRA;Henri de la Sayette|Charles Wolf;Citroën C4 Roadster Special;Citroën 2.0L;;3;40.476;;Electrical fault
1932;DNF;5.0;5;FRA;Jean Trévoux;FRA|FRA;Jean Trévoux|f.n.u. Mary;Bentley Blower C;Bentley 4.4L Supercharged I4;;1;13.492;;Accident
